Data;Titulo;Link;Sentimento_Score;Classificacao
Tue, 13 Jan 2026 10:52:00 GMT;Bitcoin, XRP Prices Rise. Why This ‘Big Week for Crypto’ Can Spark a Rally. - Barron's;https://news.google.com/rss/articles/CBMiggNBVV95cUxONlVMVWh3Wml2dmpLUTNic1F1RloySTBRakFmWDBRS1JCcElPZjFob3pnMDZZM3VTdk5kMnVoRlRVYlRvS1Nnc291T1paa1FzNHRkOVdYWC1JSFRPMjZBT0pKc1hHQlJ6a1FGQ0hIQTRFQ1lrX1JJTDlNTFBFZzVIazhaaFpDY3R3dC0yVnd3Q1dMMDJ3Rm9uNk1Hb3RXWW1wZkJtS1RxUFpEbHNWZ2lhZGdxUTM2V0ROb0dnb2FUMkVoVll2bEQyVF93NUIwWHZ0VjQwT2MxVXlFTHRMaEVfY3BIN1QyVDFTRzVkcTZHOXJwMU55MFpZRnFwVUZiSzhKUmJfSFhpamhXSUV1SUF4U3hnLWJIZzF5cXh0Q0d3SkFaV2lLemZyT3p5UVF2bmZ4cUFUa3hCMDBMbmRIWWZOdlJlZlozV1dXNUJRQTdEaTVKR2RUbHlrZ0dmV3I1THh0Qk5JQ0lSU0huU2N2Q0hyUDVrRXhqYzJuLXZqTHVCa3cwdw?oc=5&hl=en-US&gl=US&ceid=US:en;0.2263;Positivo
Thu, 15 Jan 2026 09:46:56 GMT;Bitcoin price rallies as BlackRock drives fresh inflows - Yahoo Finance UK;https://news.google.com/rss/articles/CBMiiwFBVV95cUxPd0U1SS0xdUZuZnhLZDljWnZ0bVFfX1NlMHlGOVlIRU9jdFlORnI0R01zYlFxeWFpdklCZGxpaHlqcUlvZ2pUQkQwWkdFS2RRNU1JY2JvakpjU0pTN1Utcm9zck9pcGZCRTB2dzktMkFBUGFuWm5PU05FQkRSelpTSVNkUTVVS1lobVVJ?oc=5&hl=en-US&gl=US&ceid=US:en;0.3182;Positivo
Wed, 14 Jan 2026 13:51:00 GMT;Is Bitcoin About to Break Out? - The Motley Fool;https://news.google.com/rss/articles/CBMifEFVX3lxTE45ZVl1eGJudl9Gd2I5dlpYbGh6TFI2QW5JeUJoQ25fcUFHX2RYUExrM0lsa3FrSlBsT0dza3FRNGJldlpHVC0ta2paSDlwNTc3c2l5VW5oOV9KdjMxcnhnQjZYZ3lyU0lNaXRmdU9BaWpXSVlhWmVhQ25BREM?oc=5&hl=en-US&gl=US&ceid=US:en;-0.4404;Negativo
Fri, 16 Jan 2026 04:36:00 GMT;Bitcoin price news: slips to nearly $95,000 as U.S. selling returns on crypto bill stall - CoinDesk;https://news.google.com/rss/articles/CBMixwFBVV95cUxPa1JZWlpKaS1XbDYyNFEyaHhzSFVpa05UMUxjZkUxSjc0XzdzWE1zYmY0RWl1Y2JwUWU5ZnN1ZUZ6WTFwU2xkVTJ4TlQ2R2c3SFU1Ujctd3B0MzdpT0YzYXpzWW50a19fVkl1S2NyVW5rMjY0bHlqcFNUSGJUbG5IdkJtT3ZsMTFGSVlYbWZFcnFkcUpWTmVtTGlYWWFyWjgtaDNETjJNZzVrZHV5eHRxa0RmLWV6T3lPR1RocE5OeDlkS2hvNUVV?oc=5&hl=en-US&gl=US&ceid=US:en;-0.2023;Negativo
Wed, 14 Jan 2026 12:14:23 GMT;Bitcoin price breakout: BTC clears $94,700 resistance, eyes $100K​ - ig.com;https://news.google.com/rss/articles/CBMitAFBVV95cUxOOW1XQ0NJRFlPREl1eXdMUHBZam1UNUZFWjJXMlhNQXluUEhUUDJZY0RDWDNHR3liS21NUTdEeHFOandPSWoyMkhJQW52ei1rMk8wd2lKbzFydVJWZXhGNnJiNkFYeXVDYlVBVTZWaXZJMDI2bVZiYUt4d3pPZ2haM3dwNG5VR0RLRUJVUWpHR01peUhabE9PSFFDTjIxbEJ3eWZ3U2ZmdkRyQ1lNbFJyakZLQUQ?oc=5&hl=en-US&gl=US&ceid=US:en;0.0772;Positivo
Tue, 13 Jan 2026 16:17:39 GMT;Crypto Suddenly Braced For A ‘Massive’ Shock As The Bitcoin Price Soars - Forbes;https://news.google.com/rss/articles/CBMiwwFBVV95cUxQWjdOUGNucTB1NzdQNWtETzl0aktWZHZpRlpHNXFKQ3hDUzItcDQ2ejBoLXRvWWZaeUZ5X1hFdXdWbnJHRHo4Y2dfQUlpNUY2U1JvRldHT3BtSlhMOFk0QXU0eDRtUEl1QS0xZVVMQkJRbVdaRDFjRGFGYWlmZkxFRGhTcllBcmNPUFpLVDBzek5QVzZ0MzlqaW5FeUhBSkpodGUzSlJmUFdGNzl1TklLbHp4S1FJdVlkYW1FN0R5amF6TlU?oc=5&hl=en-US&gl=US&ceid=US:en;-0.3818;Negativo
Mon, 12 Jan 2026 16:37:12 GMT;Ethereum to $40,000? Why one analyst expects the second-biggest crypto to outperform Bitcoin - dlnews.com;https://news.google.com/rss/articles/CBMiuAFBVV95cUxQajkzRGxOdG00TVJYUWItQ2JqR0xUeFBhR2dwcDNQYzVsRUFEdjU1ZFpGeFVyWTVvWVRWaWdfYm1SZXRhWWtSVWI0eWZZV0ltWmZpVDJlenVFMkJjMjlzc3BSWXNtY1YzVUNrV0RzeXc5d1UzVUN1WWNSN0xvN0UxOTdxQzAtbGZTa190eUUtLU54Mm5jdUs4RzU3MEY0dU1yalU1bGZLajBtc3FPcTdOaGcxN1h4bEJO?oc=5&hl=en-US&gl=US&ceid=US:en;0.0;Neutro
Thu, 15 Jan 2026 10:31:00 GMT;How Much Will 1 Bitcoin Be Worth in 2026? - Nasdaq;https://news.google.com/rss/articles/CBMieEFVX3lxTE1KaEtTSFZzTHdFWUhfU2Y0MlRfcUd6S1dWT2pBSTVGTmNKUTBBeWNFZWlLNVZFUmJMZGlpWHdtcGU2c0Y1SzhGTmNaR1pqVU00aFp3alBCUy1NeWdTQnE4Qy13WVBwcGNmLXlLb2dJNDNQa1VZaXI3UQ?oc=5&hl=en-US&gl=US&ceid=US:en;0.2263;Positivo
Fri, 16 Jan 2026 21:05:00 GMT;Stay Updated on Crypto: Latest Insights on Bitcoin, Ethereum, and Altcoins! - Investing News Network;https://news.google.com/rss/articles/CBMiZEFVX3lxTE9PU3pBdGY0NWJMSWFUTFRDUGx3RklNQlNENWdlQjBiNG9meUo5andqSHFER0lkNlhEaFVwOXpLYWZseVJ1YVZsU2Q4RzBWT1RoeUhTM19YaFljM2ZHcm5yMHYxTlc?oc=5&hl=en-US&gl=US&ceid=US:en;0.0;Neutro
Wed, 14 Jan 2026 17:06:49 GMT;Bitcoin Price Explodes Past $97,000 as Traders Set Sights on $100,000 - Bitcoin Magazine;https://news.google.com/rss/articles/CBMieEFVX3lxTE1jTW1rMm43UGY4LS1UR2lCek51SUoyc1V1a2NwY0dtRU04MnI2dlVKOVgydEJZRzVmbG1kYUJ6TzdEZ3N4dE1yQmFaalJPMTN1eDhqbC1mSllaNlR4U2VsM2I0ajNHTFo5NWNhNHZkN1JwSFJoWEdmRg?oc=5&hl=en-US&gl=US&ceid=US:en;0.0;Neutro
Wed, 14 Jan 2026 16:18:27 GMT;Bitcoin rallies past $97,000 as investors seek haven assets - CoinDesk;https://news.google.com/rss/articles/CBMiqAFBVV95cUxNNGRoS2p4V0JBVXdCYTA1b0dpbG9HR0ROUTA5ckRETkZRNUd4SS0wQWdxaGd2Q21FQ3Q5YnRZMGpYc1U1dDZXbnd1MGswVUJGUXBQb2xTdXNYMFFtTEtaQ21mQ2JOTmgycHhLd3h4bzhrd0VhUS00SW9iMzc3a01pbmxkSlhGWWpybC1uVDdtTTZwTzJqV014cWE2akFhQ1BSZ2FjcER3OGU?oc=5&hl=en-US&gl=US&ceid=US:en;0.1779;Positivo
Tue, 13 Jan 2026 10:30:00 GMT;Here's Why I Just Raised My 2026 Price Target for Bitcoin to $150,000 - The Motley Fool;https://news.google.com/rss/articles/CBMimAFBVV95cUxQWmdoNmdmYkVYbnVKZmtKWmk0b3lIb1RUTmlDblQ4ZDJ4dXpRVGpMM2RjUnd6OWtReXlzaUtNcDk3LW9Ed2Fsd0UwejU2c0Rqc2hjNzY2SWNoZGFhRTVnU0VzaDRuemJnbGExdm5TUlItLThvekdvR3ZRWko0c1hmcV90WWFnczBocEZDQVN4cy01ZHc4dzFTdw?oc=5&hl=en-US&gl=US&ceid=US:en;-0.4404;Negativo
Wed, 14 Jan 2026 10:11:42 GMT;Why Is Bitcoin Up Today? BTC Price Surges For $100k - Yahoo Finance;https://news.google.com/rss/articles/CBMifkFVX3lxTE9TU3BsRzE4UXNxcmE4czhMYXFWNVRiQl9fc1dlTnZOYmhFeFhXQXo3MDdpTDdITkE2Z21RVmkyUTJqbThxemhMYTNJSVBENUMyX205U2gzYUJtaTVMaUtKT3lwYlVFR2NVZkZ2NG8xb042ZHBXVVpodHc0MnBidw?oc=5&hl=en-US&gl=US&ceid=US:en;0.0;Neutro
Thu, 15 Jan 2026 19:54:00 GMT;Bitcoin, Ethereum, and Solana Confirm the Crypto Reversal. Where They’re Headed. - Barron's;https://news.google.com/rss/articles/CBMijwNBVV95cUxQZUtjVEpKbW5NdjBxQk5pNU1PLUxsWkVqWVphNjAteVBCM0FjeTQ3Y1FfOHRCc1Mzby14UWVGTzN3cTgyVHpYeGJleEp3NjUwa29DZ0t1UzNfZWozZkJhbkdRai1GVlIwUVZ6cHFUXzEtdkNiWFRpWHk1UmNXanBxbkhQRlZ4dXNyVTBGV0FpdlNrTEtlcU9GbEZYMFo5dEQzVUVzY1oyVWlEM1JqTmV2VUl2V3IzV1lmcWU2QXJtd3lTcHFUNGI1c2R0RHJ4aWFnMDk0ZlhHc09HZzdEQjFmY2dlVlc3THVuaHZmaXpHWXN2MUliTG5EMUsySGFhd0N1SDNLQjJSNUloR2lPczNJQmVueU1kZnk1SzQ4OHFRTmkyT0p6ancxV2xwZUZjWlB3VjlnbTh4TWtlZm5DQTdwVUttYllOS2djYl82dVpTdWdabkV0dnNCc2xfZnpQYndveVVzN0o5TTNaT0tLeENGdE8yRlR4bWtLRk1uNENsTndGR3NNUEt6RHY3eUk4XzA?oc=5&hl=en-US&gl=US&ceid=US:en;0.0;Neutro
Wed, 14 Jan 2026 19:11:42 GMT;Bitcoin Reaches 2-Month High As Crypto Rallies—Here’s Why - Forbes;https://news.google.com/rss/articles/CBMirAFBVV95cUxON1dWV2ZsVVJ4RnBHWFp3ZmdRclFaa1JNOGNYV2FwVW11c2w5ZEhCZ2xXRy1CdjRsdkYweVUzeWM3eWlaaVRTY25TaGQ2S1B1SWx6VW1GdGtidGdTbGJQdzgxMzF5RDdSaVFzQnNOVjN5aGdNaDVfWXhYS3dQbGljNk9hc0ZveHFVenJoNUpDRTFpY2FYZGZ6UXViVFczLXpkVUxkd2R3T3R1N2Ff?oc=5&hl=en-US&gl=US&ceid=US:en;0.0516;Positivo
Wed, 14 Jan 2026 17:12:22 GMT;Bitcoin price surges to $97,500. Here’s what experts say will drive the price even higher - dlnews.com;https://news.google.com/rss/articles/CBMioAFBVV95cUxPYU5Kczl4aE1EcnJRVmpjVHV2aTJ5dzgwR2VudlIzUVhPc3M4WFNQVGJibERpX1dnanFBNzl2d2c5LWZMdktqRDZIa0J1NV8xamZYRUJMS3JnYWxzMFRJNExfUnh5Wl9SaUhxNkk2d0hOSFZpUUhwd0loY0ZxU3BHak02NnBWX3pKMDQxTF9NbEM4UXY4dDRZZklxa3ZKazVW?oc=5&hl=en-US&gl=US&ceid=US:en;0.0;Neutro
Thu, 15 Jan 2026 15:49:06 GMT;Bitcoin price news: BTC is selling off again during U.S. market hours - CoinDesk;https://news.google.com/rss/articles/CBMisgFBVV95cUxQQlBLMUZKZjFTX2Fnd29QaGNBRGs2dWZFUnM3N3RvdjQ4aEUxREdtYnFvRDB3TXEzSFVNRGQzOGFQM2lWUTh4dVpMc3pXY0dyRWtrUEI1b1lHX3JvY3E0SWFyR1pkOHZYem9sM25kQ1hnc21rNC14U2s5Y3VHemg5b042c3A3VmREM1ZVQ3NHazJEQjdqN2R5bUFsRTBQdVNXSTdlWElHTjkxem5nWDNCRk5B?oc=5&hl=en-US&gl=US&ceid=US:en;0.0;Neutro
Thu, 15 Jan 2026 23:23:03 GMT;Bitcoin price will pump with these catalysts, experts say - dlnews.com;https://news.google.com/rss/articles/CBMijgFBVV95cUxNWWlVWDNQOHdmMWg3bUN1RWZLLUN6ckFfektoSjc4ck52MEZSZGxWSjlXZkxILUduWmhhTUt3WmhSUEc0VUw0X3lySGRCWExTOC1fZmRpSzN6SThqWnBia2YwTlhGWlJUXzJySkpTU3FzVjE2N21uUkZOd1hyejd4S1phVnlub0IzYWdPWXJR?oc=5&hl=en-US&gl=US&ceid=US:en;0.0;Neutro
Sat, 17 Jan 2026 20:45:00 GMT;1 Spectacular Cryptocurrency That Could Soar by 1,159%, According to Cathie Wood - The Motley Fool;https://news.google.com/rss/articles/CBMimAFBVV95cUxPdElkbHgxQ3RuajdVeURhUGdrTzIzUVFpVjlXN1R3bzFsaW5VMl92Z1dQSGdpMFZsTEtLU1pCX2ZkTFFtSndsb0YwZzFXU2l2MDJadE5tdU5qam5RdXRDeDBpY2NLR19nbk94NW4zNk5fTzhhS0ZTSmtNWmhLbE5NbGp3cnk2eVo4YWtjU3VTaGZMdWpYOGRsLQ?oc=5&hl=en-US&gl=US&ceid=US:en;-0.4404;Negativo
Fri, 16 Jan 2026 13:00:18 GMT;Bitcoin price outlook: Why this expert predicts at least $130K - Yahoo Finance;https://news.google.com/rss/articles/CBMihgFBVV95cUxNVnlGelM3MmNlU3FWbzBUUWR4dWwtSm9pZHNhcHdBRm5fcU9FTmRLeDZfcVhsaHFKeXVSQmpjd0t4V09BWUxUZGQtc294RHpWdG5lUm9aekxwNlJaRERTTHN3MXVZQlM1aFQ4eDE2VTdta19DRDNBUkFmcmpuRjBDMDhQUTFRQQ?oc=5&hl=en-US&gl=US&ceid=US:en;0.0;Neutro
